{
  "generatedAt": "2026-04-20T05:04:03.360Z",
  "node": "v24.14.1",
  "os": "win32",
  "gate": {
    "p99Us": 50,
    "avgUs": 10
  },
  "results": [
    {
      "label": "A_SET_DRAG_OVER_100k",
      "iterations": 100000,
      "avgUs": 0.06131299999999963,
      "p50Us": 0,
      "p95Us": 0.09999999999976694,
      "p99Us": 0.19999999999953388,
      "maxUs": 306.4
    },
    {
      "label": "B_TOGGLE_SPLIT_VIEW_100k",
      "iterations": 100000,
      "avgUs": 0.05529400000000173,
      "p50Us": 0,
      "p95Us": 0.10000000000331966,
      "p99Us": 0.19999999999953388,
      "maxUs": 141.10000000000156
    },
    {
      "label": "C_PUSH_DRAFT_VERSION_10k",
      "iterations": 10000,
      "avgUs": 0.24491999999995218,
      "p50Us": 0.10000000000331966,
      "p95Us": 0.6000000000057071,
      "p99Us": 1.0000000000047748,
      "maxUs": 865.0999999999982
    },
    {
      "label": "D_SET_NOVEL_SELECTION_100k",
      "iterations": 100000,
      "avgUs": 0.05212800000000584,
      "p50Us": 0,
      "p95Us": 0.10000000000331966,
      "p99Us": 0.10000000000331966,
      "maxUs": 253.60000000000582
    }
  ],
  "failed": false
}