{
  "generatedAt": "2026-04-20T04:46:49.713Z",
  "node": "v24.14.1",
  "os": "win32",
  "gate": {
    "p99Us": 50,
    "avgUs": 10
  },
  "results": [
    {
      "label": "A_SET_DRAG_OVER_100k",
      "iterations": 100000,
      "avgUs": 0.06446499999999951,
      "p50Us": 0,
      "p95Us": 0.09999999999976694,
      "p99Us": 0.10000000000331966,
      "maxUs": 288.3999999999993
    },
    {
      "label": "B_TOGGLE_SPLIT_VIEW_100k",
      "iterations": 100000,
      "avgUs": 0.051646000000001635,
      "p50Us": 0,
      "p95Us": 0.10000000000331966,
      "p99Us": 0.10000000000331966,
      "maxUs": 95.70000000000078
    },
    {
      "label": "C_PUSH_DRAFT_VERSION_10k",
      "iterations": 10000,
      "avgUs": 0.15464000000004746,
      "p50Us": 0.10000000000331966,
      "p95Us": 0.2999999999957481,
      "p99Us": 0.7999999999981355,
      "maxUs": 174.19999999999902
    },
    {
      "label": "D_SET_NOVEL_SELECTION_100k",
      "iterations": 100000,
      "avgUs": 0.05143900000000414,
      "p50Us": 0,
      "p95Us": 0.10000000000331966,
      "p99Us": 0.10000000000331966,
      "maxUs": 259.60000000000605
    }
  ],
  "failed": false
}